NestID_Session,NESTID_Session_Clip,NestID,Behavior,Instances,ClipNum,Length_Min,InstancesPerMin,InstancesPerHr,SessionStartTime,ClipStartTime,OrdinalDate,Pasture,Pasture_patch,Year,TSF,HerbYesNo,HerbTreat,GrazingYesNo,CowbirdNum,DickcisselNum,TotalNestlingNum,NestlingAge_Days
GIL DICK 4 16_1,GIL DICK 4 16_1_6,GIL DICK 4 16,Arrive at Nest,0,6,18.03,0,0,8.45,10.11666667,199,GIL,GIL_S,2016,0,No,Con,Yes,0,2,2,4.5
GIL DICK 4 16_1,GIL DICK 4 16_1_1,GIL DICK 4 16,Arrive at Nest,1,1,20,0.05,3,8.45,8.45,199,GIL,GIL_S,2016,0,No,Con,Yes,0,2,2,4.5
GIL DICK 4 16_1,GIL DICK 4 16_1_3,GIL DICK 4 16,Arrive at Nest,2,3,20,0.1,6,8.45,9.116666667,199,GIL,GIL_S,2016,0,No,Con,Yes,0,2,2,4.5
GIL DICK 4 16_1,GIL DICK 4 16_1_5,GIL DICK 4 16,Arrive at Nest,2,5,20,0.1,6,8.45,9.783333333,199,GIL,GIL_S,2016,0,No,Con,Yes,0,2,2,4.5
GIL DICK 4 16_1,GIL DICK 4 16_1_2,GIL DICK 4 16,Arrive at Nest,3,2,20,0.15,9,8.45,8.783333333,199,GIL,GIL_S,2016,0,No,Con,Yes,0,2,2,4.5
GIL DICK 4 16_1,GIL DICK 4 16_1_4,GIL DICK 4 16,Arrive at Nest,3,4,20,0.15,9,8.45,9.45,199,GIL,GIL_S,2016,0,No,Con,Yes,0,2,2,4.5
GIL DICK 4 16_2,GIL DICK 4 16_2_8,GIL DICK 4 16,Arrive at Nest,2,8,11.24,0.177935943,10.67615658,6.35,8.683333333,201,GIL,GIL_S,2016,0,No,Con,Yes,0,2,2,6.5
GIL DICK 4 16_2,GIL DICK 4 16_2_2,GIL DICK 4 16,Arrive at Nest,2,2,20,0.1,6,6.35,6.683333333,201,GIL,GIL_S,2016,0,No,Con,Yes,0,2,2,6.5
GIL DICK 4 16_2,GIL DICK 4 16_2_5,GIL DICK 4 16,Arrive at Nest,2,5,20,0.1,6,6.35,7.683333333,201,GIL,GIL_S,2016,0,No,Con,Yes,0,2,2,6.5
GIL DICK 4 16_2,GIL DICK 4 16_2_7,GIL DICK 4 16,Arrive at Nest,2,7,20,0.1,6,6.35,8.35,201,GIL,GIL_S,2016,0,No,Con,Yes,0,2,2,6.5
GIL DICK 4 16_2,GIL DICK 4 16_2_4,GIL DICK 4 16,Arrive at Nest,3,4,20,0.15,9,6.35,7.35,201,GIL,GIL_S,2016,0,No,Con,Yes,0,2,2,6.5
GIL DICK 4 16_2,GIL DICK 4 16_2_6,GIL DICK 4 16,Arrive at Nest,3,6,20,0.15,9,6.35,8.016666667,201,GIL,GIL_S,2016,0,No,Con,Yes,0,2,2,6.5
GIL DICK 4 16_2,GIL DICK 4 16_2_1,GIL DICK 4 16,Arrive at Nest,4,1,20,0.2,12,6.35,6.35,201,GIL,GIL_S,2016,0,No,Con,Yes,0,2,2,6.5
GIL DICK 4 16_2,GIL DICK 4 16_2_3,GIL DICK 4 16,Arrive at Nest,4,3,20,0.2,12,6.35,7.016666667,201,GIL,GIL_S,2016,0,No,Con,Yes,0,2,2,6.5
GIL DICK 3 16_1,GIL DICK 3 16_1_5,GIL DICK 3 16,Arrive at Nest,2,5,19.1,0.104712042,6.282722513,8.583333333,9.916666667,199,GIL,GIL_C,2016,1,Yes,SnS,Yes,1,1,2,4
GIL DICK 3 16_1,GIL DICK 3 16_1_1,GIL DICK 3 16,Arrive at Nest,0,1,20,0,0,8.583333333,8.583333333,199,GIL,GIL_C,2016,1,Yes,SnS,Yes,1,1,2,4
GIL DICK 3 16_1,GIL DICK 3 16_1_3,GIL DICK 3 16,Arrive at Nest,2,3,20,0.1,6,8.583333333,9.25,199,GIL,GIL_C,2016,1,Yes,SnS,Yes,1,1,2,4
GIL DICK 3 16_1,GIL DICK 3 16_1_2,GIL DICK 3 16,Arrive at Nest,3,2,20,0.15,9,8.583333333,8.916666667,199,GIL,GIL_C,2016,1,Yes,SnS,Yes,1,1,2,4
GIL DICK 3 16_1,GIL DICK 3 16_1_4,GIL DICK 3 16,Arrive at Nest,3,4,20,0.15,9,8.583333333,9.583333333,199,GIL,GIL_C,2016,1,Yes,SnS,Yes,1,1,2,4
GIL DICK 3 16_2,GIL DICK 3 16_2_1,GIL DICK 3 16,Arrive at Nest,3,1,20,0.15,9,6.45,6.45,201,GIL,GIL_C,2016,1,Yes,SnS,Yes,1,1,2,6
GIL DICK 3 16_2,GIL DICK 3 16_2_3,GIL DICK 3 16,Arrive at Nest,3,3,20,0.15,9,6.45,7.116666667,201,GIL,GIL_C,2016,1,Yes,SnS,Yes,1,1,2,6
GIL DICK 3 16_2,GIL DICK 3 16_2_5,GIL DICK 3 16,Arrive at Nest,3,5,20,0.15,9,6.45,7.783333333,201,GIL,GIL_C,2016,1,Yes,SnS,Yes,1,1,2,6
GIL DICK 3 16_2,GIL DICK 3 16_2_2,GIL DICK 3 16,Arrive at Nest,4,2,20,0.2,12,6.45,6.783333333,201,GIL,GIL_C,2016,1,Yes,SnS,Yes,1,1,2,6
GIL DICK 3 16_2,GIL DICK 3 16_2_6,GIL DICK 3 16,Arrive at Nest,4,6,20,0.2,12,6.45,8.116666667,201,GIL,GIL_C,2016,1,Yes,SnS,Yes,1,1,2,6
GIL DICK 3 16_2,GIL DICK 3 16_2_4,GIL DICK 3 16,Arrive at Nest,5,4,20,0.25,15,6.45,7.45,201,GIL,GIL_C,2016,1,Yes,SnS,Yes,1,1,2,6
GIL DICK 5 16_1,GIL DICK 5 16_1_6,GIL DICK 5 16,Arrive at Nest,0,6,17.25,0,0,6.616666667,8.283333333,201,GIL,GIL_C,2016,1,Yes,SnS,Yes,0,4,4,6
GIL DICK 5 16_1,GIL DICK 5 16_1_2,GIL DICK 5 16,Arrive at Nest,1,2,20,0.05,3,6.616666667,6.95,201,GIL,GIL_C,2016,1,Yes,SnS,Yes,0,4,4,6
GIL DICK 5 16_1,GIL DICK 5 16_1_3,GIL DICK 5 16,Arrive at Nest,1,3,20,0.05,3,6.616666667,7.283333333,201,GIL,GIL_C,2016,1,Yes,SnS,Yes,0,4,4,6
GIL DICK 5 16_1,GIL DICK 5 16_1_1,GIL DICK 5 16,Arrive at Nest,3,1,20,0.15,9,6.616666667,6.616666667,201,GIL,GIL_C,2016,1,Yes,SnS,Yes,0,4,4,6
GIL DICK 5 16_1,GIL DICK 5 16_1_4,GIL DICK 5 16,Arrive at Nest,3,4,20,0.15,9,6.616666667,7.616666667,201,GIL,GIL_C,2016,1,Yes,SnS,Yes,0,4,4,6
GIL DICK 5 16_1,GIL DICK 5 16_1_5,GIL DICK 5 16,Arrive at Nest,6,5,20,0.3,18,6.616666667,7.95,201,GIL,GIL_C,2016,1,Yes,SnS,Yes,0,4,4,6
LTR DICK 2 16_1,LTR DICK 2 16_1_4,LTR DICK 2 16,Arrive at Nest,2,4,20,0.1,6,6.483333333,7.483333333,186,LTR,LTR_E,2016,1,Yes,SnS,Yes,0,3,3,6
LTR DICK 2 16_1,LTR DICK 2 16_1_7,LTR DICK 2 16,Arrive at Nest,3,7,20,0.15,9,6.483333333,8.483333333,186,LTR,LTR_E,2016,1,Yes,SnS,Yes,0,3,3,6
LTR DICK 2 16_1,LTR DICK 2 16_1_1,LTR DICK 2 16,Arrive at Nest,4,1,20,0.2,12,6.483333333,6.483333333,186,LTR,LTR_E,2016,1,Yes,SnS,Yes,0,3,3,6
LTR DICK 2 16_1,LTR DICK 2 16_1_5,LTR DICK 2 16,Arrive at Nest,4,5,20,0.2,12,6.483333333,7.816666667,186,LTR,LTR_E,2016,1,Yes,SnS,Yes,0,3,3,6
LTR DICK 2 16_1,LTR DICK 2 16_1_2,LTR DICK 2 16,Arrive at Nest,5,2,20,0.25,15,6.483333333,6.816666667,186,LTR,LTR_E,2016,1,Yes,SnS,Yes,0,3,3,6
LTR DICK 2 16_1,LTR DICK 2 16_1_6,LTR DICK 2 16,Arrive at Nest,6,6,20,0.3,18,6.483333333,8.15,186,LTR,LTR_E,2016,1,Yes,SnS,Yes,0,3,3,6
LTR DICK 2 16_1,LTR DICK 2 16_1_3,LTR DICK 2 16,Arrive at Nest,8,3,20,0.4,24,6.483333333,7.15,186,LTR,LTR_E,2016,1,Yes,SnS,Yes,0,3,3,6
LTR DICK 4 16_2,LTR DICK 4 16_2_8,LTR DICK 4 16,Arrive at Nest,2,8,13.55,0.147601476,8.856088561,8.45,10.78333333,189,LTR,LTR_E,2016,1,Yes,SnS,Yes,0,3,3,6
LTR DICK 4 16_2,LTR DICK 4 16_2_5,LTR DICK 4 16,Arrive at Nest,1,5,20,0.05,3,8.45,9.783333333,189,LTR,LTR_E,2016,1,Yes,SnS,Yes,0,3,3,6
LTR DICK 4 16_2,LTR DICK 4 16_2_3,LTR DICK 4 16,Arrive at Nest,2,3,20,0.1,6,8.45,9.116666667,189,LTR,LTR_E,2016,1,Yes,SnS,Yes,0,3,3,6
LTR DICK 4 16_2,LTR DICK 4 16_2_6,LTR DICK 4 16,Arrive at Nest,2,6,20,0.1,6,8.45,10.11666667,189,LTR,LTR_E,2016,1,Yes,SnS,Yes,0,3,3,6
LTR DICK 4 16_2,LTR DICK 4 16_2_4,LTR DICK 4 16,Arrive at Nest,3,4,20,0.15,9,8.45,9.45,189,LTR,LTR_E,2016,1,Yes,SnS,Yes,0,3,3,6
LTR DICK 4 16_2,LTR DICK 4 16_2_1,LTR DICK 4 16,Arrive at Nest,4,1,20,0.2,12,8.45,8.45,189,LTR,LTR_E,2016,1,Yes,SnS,Yes,0,3,3,6
LTR DICK 4 16_2,LTR DICK 4 16_2_2,LTR DICK 4 16,Arrive at Nest,4,2,20,0.2,12,8.45,8.783333333,189,LTR,LTR_E,2016,1,Yes,SnS,Yes,0,3,3,6
LTR DICK 4 16_2,LTR DICK 4 16_2_7,LTR DICK 4 16,Arrive at Nest,5,7,20,0.25,15,8.45,10.45,189,LTR,LTR_E,2016,1,Yes,SnS,Yes,0,3,3,6
RC2 DICK 1 16_1,RC2 DICK 1 16_1_1,RC2 DICK 1 16,Arrive at Nest,2,1,20,0.1,6,6.4,6.4,157,RC2,RC2_N,2016,10,Yes,SnS,No,0,1,1,6
RC2 DICK 1 16_1,RC2 DICK 1 16_1_3,RC2 DICK 1 16,Arrive at Nest,2,3,20,0.1,6,6.4,7.066666667,157,RC2,RC2_N,2016,10,Yes,SnS,No,0,1,1,6
RC2 DICK 1 16_1,RC2 DICK 1 16_1_4,RC2 DICK 1 16,Arrive at Nest,2,4,20,0.1,6,6.4,7.4,157,RC2,RC2_N,2016,10,Yes,SnS,No,0,1,1,6
RC2 DICK 1 16_1,RC2 DICK 1 16_1_2,RC2 DICK 1 16,Arrive at Nest,3,2,20,0.15,9,6.4,6.733333333,157,RC2,RC2_N,2016,10,Yes,SnS,No,0,1,1,6
RC2 DICK 1 16_1,RC2 DICK 1 16_1_6,RC2 DICK 1 16,Arrive at Nest,3,6,20,0.15,9,6.4,8.066666667,157,RC2,RC2_N,2016,10,Yes,SnS,No,0,1,1,6
RC2 DICK 1 16_1,RC2 DICK 1 16_1_5,RC2 DICK 1 16,Arrive at Nest,5,5,20,0.25,15,6.4,7.733333333,157,RC2,RC2_N,2016,10,Yes,SnS,No,0,1,1,6
RC2 DICK 1 16_2,RC2 DICK 1 16_2_5,RC2 DICK 1 16,Arrive at Nest,0,5,20,0,0,9.35,10.68333333,158,RC2,RC2_N,2016,10,Yes,SnS,No,0,1,1,7
RC2 DICK 1 16_2,RC2 DICK 1 16_2_6,RC2 DICK 1 16,Arrive at Nest,1,6,20,0.05,3,9.35,11.01666667,158,RC2,RC2_N,2016,10,Yes,SnS,No,0,1,1,7
RC2 DICK 1 16_2,RC2 DICK 1 16_2_3,RC2 DICK 1 16,Arrive at Nest,3,3,20,0.15,9,9.35,10.01666667,158,RC2,RC2_N,2016,10,Yes,SnS,No,0,1,1,7
RC2 DICK 1 16_2,RC2 DICK 1 16_2_4,RC2 DICK 1 16,Arrive at Nest,3,4,20,0.15,9,9.35,10.35,158,RC2,RC2_N,2016,10,Yes,SnS,No,0,1,1,7
RC2 DICK 1 16_2,RC2 DICK 1 16_2_1,RC2 DICK 1 16,Arrive at Nest,4,1,20,0.2,12,9.35,9.35,158,RC2,RC2_N,2016,10,Yes,SnS,No,0,1,1,7
RC2 DICK 1 16_2,RC2 DICK 1 16_2_2,RC2 DICK 1 16,Arrive at Nest,6,2,20,0.3,18,9.35,9.683333333,158,RC2,RC2_N,2016,10,Yes,SnS,No,0,1,1,7
RC2 DICK 11 16_1,RC2 DICK 11 16_1_1,RC2 DICK 11 16,Arrive at Nest,0,1,20,0,0,7,7,167,RC2,RC2_N,2016,10,Yes,SnS,No,0,1,1,7
RC2 DICK 11 16_1,RC2 DICK 11 16_1_2,RC2 DICK 11 16,Arrive at Nest,1,2,20,0.05,3,7,7.333333333,167,RC2,RC2_N,2016,10,Yes,SnS,No,0,1,1,7
RC2 DICK 11 16_1,RC2 DICK 11 16_1_3,RC2 DICK 11 16,Arrive at Nest,1,3,20,0.05,3,7,7.666666667,167,RC2,RC2_N,2016,10,Yes,SnS,No,0,1,1,7
RC2 DICK 11 16_1,RC2 DICK 11 16_1_4,RC2 DICK 11 16,Arrive at Nest,1,4,20,0.05,3,7,8,167,RC2,RC2_N,2016,10,Yes,SnS,No,0,1,1,7
RC2 DICK 11 16_1,RC2 DICK 11 16_1_7,RC2 DICK 11 16,Arrive at Nest,1,7,20,0.05,3,7,9,167,RC2,RC2_N,2016,10,Yes,SnS,No,0,1,1,7
RC2 DICK 11 16_1,RC2 DICK 11 16_1_6,RC2 DICK 11 16,Arrive at Nest,2,6,20,0.1,6,7,8.666666667,167,RC2,RC2_N,2016,10,Yes,SnS,No,0,1,1,7
RC2 DICK 11 16_1,RC2 DICK 11 16_1_5,RC2 DICK 11 16,Arrive at Nest,3,5,20,0.15,9,7,8.333333333,167,RC2,RC2_N,2016,10,Yes,SnS,No,0,1,1,7
RC2 DICK 11 16_2,RC2 DICK 11 16_2_8,RC2 DICK 11 16,Arrive at Nest,3,8,16.77,0.178890877,10.73345259,6.5,8.833333333,168,RC2,RC2_N,2016,10,Yes,SnS,No,0,4,4,4
RC2 DICK 11 16_2,RC2 DICK 11 16_2_2,RC2 DICK 11 16,Arrive at Nest,1,2,20,0.05,3,6.5,6.833333333,168,RC2,RC2_N,2016,10,Yes,SnS,No,0,4,4,4
RC2 DICK 11 16_2,RC2 DICK 11 16_2_5,RC2 DICK 11 16,Arrive at Nest,2,5,20,0.1,6,6.5,7.833333333,168,RC2,RC2_N,2016,10,Yes,SnS,No,0,4,4,4
RC2 DICK 11 16_2,RC2 DICK 11 16_2_6,RC2 DICK 11 16,Arrive at Nest,2,6,20,0.1,6,6.5,8.166666667,168,RC2,RC2_N,2016,10,Yes,SnS,No,0,4,4,4
RC2 DICK 11 16_2,RC2 DICK 11 16_2_1,RC2 DICK 11 16,Arrive at Nest,3,1,20,0.15,9,6.5,6.5,168,RC2,RC2_N,2016,10,Yes,SnS,No,0,4,4,4
RC2 DICK 11 16_2,RC2 DICK 11 16_2_3,RC2 DICK 11 16,Arrive at Nest,3,3,20,0.15,9,6.5,7.166666667,168,RC2,RC2_N,2016,10,Yes,SnS,No,0,4,4,4
RC2 DICK 11 16_2,RC2 DICK 11 16_2_7,RC2 DICK 11 16,Arrive at Nest,3,7,20,0.15,9,6.5,8.5,168,RC2,RC2_N,2016,10,Yes,SnS,No,0,4,4,4
RC2 DICK 11 16_2,RC2 DICK 11 16_2_4,RC2 DICK 11 16,Arrive at Nest,4,4,20,0.2,12,6.5,7.5,168,RC2,RC2_N,2016,10,Yes,SnS,No,0,4,4,4
RC2 DICK 12 16_1,RC2 DICK 12 16_1_8,RC2 DICK 12 16,Arrive at Nest,4,8,15.85,0.252365931,15.14195584,6.683333333,9.016666667,180,RC2,RC2_N,2016,10,Yes,SnS,No,2,2,4,5
RC2 DICK 12 16_1,RC2 DICK 12 16_1_3,RC2 DICK 12 16,Arrive at Nest,3,3,20,0.15,9,6.683333333,7.35,180,RC2,RC2_N,2016,10,Yes,SnS,No,2,2,4,5
RC2 DICK 12 16_1,RC2 DICK 12 16_1_1,RC2 DICK 12 16,Arrive at Nest,4,1,20,0.2,12,6.683333333,6.683333333,180,RC2,RC2_N,2016,10,Yes,SnS,No,2,2,4,5
RC2 DICK 12 16_1,RC2 DICK 12 16_1_5,RC2 DICK 12 16,Arrive at Nest,4,5,20,0.2,12,6.683333333,8.016666667,180,RC2,RC2_N,2016,10,Yes,SnS,No,2,2,4,5
RC2 DICK 12 16_1,RC2 DICK 12 16_1_2,RC2 DICK 12 16,Arrive at Nest,5,2,20,0.25,15,6.683333333,7.016666667,180,RC2,RC2_N,2016,10,Yes,SnS,No,2,2,4,5
RC2 DICK 12 16_1,RC2 DICK 12 16_1_6,RC2 DICK 12 16,Arrive at Nest,5,6,20,0.25,15,6.683333333,8.35,180,RC2,RC2_N,2016,10,Yes,SnS,No,2,2,4,5
RC2 DICK 12 16_1,RC2 DICK 12 16_1_7,RC2 DICK 12 16,Arrive at Nest,5,7,20,0.25,15,6.683333333,8.683333333,180,RC2,RC2_N,2016,10,Yes,SnS,No,2,2,4,5
RC2 DICK 12 16_1,RC2 DICK 12 16_1_4,RC2 DICK 12 16,Arrive at Nest,6,4,20,0.3,18,6.683333333,7.683333333,180,RC2,RC2_N,2016,10,Yes,SnS,No,2,2,4,5
RC2 DICK 12 16_2,RC2 DICK 12 16_2_2,RC2 DICK 12 16,Arrive at Nest,6,2,16.9,0.355029586,21.30177515,7.533333333,7.866666667,181,RC2,RC2_N,2016,10,Yes,SnS,No,2,2,4,6
RC2 DICK 12 16_2,RC2 DICK 12 16_2_1,RC2 DICK 12 16,Arrive at Nest,4,1,20,0.2,12,7.533333333,7.533333333,181,RC2,RC2_N,2016,10,Yes,SnS,No,2,2,4,6
RC2 DICK 13 16_1,RC2 DICK 13 16_1_8,RC2 DICK 13 16,Arrive at Nest,3,8,12.5,0.24,14.4,6.133333333,8.466666667,161,RC2,RC2_N,2016,10,Yes,SnS,No,0,3,3,4
RC2 DICK 13 16_1,RC2 DICK 13 16_1_7,RC2 DICK 13 16,Arrive at Nest,2,7,20,0.1,6,6.133333333,8.133333333,161,RC2,RC2_N,2016,10,Yes,SnS,No,0,3,3,4
RC2 DICK 13 16_1,RC2 DICK 13 16_1_2,RC2 DICK 13 16,Arrive at Nest,3,2,20,0.15,9,6.133333333,6.466666667,161,RC2,RC2_N,2016,10,Yes,SnS,No,0,3,3,4
RC2 DICK 13 16_1,RC2 DICK 13 16_1_1,RC2 DICK 13 16,Arrive at Nest,4,1,20,0.2,12,6.133333333,6.133333333,161,RC2,RC2_N,2016,10,Yes,SnS,No,0,3,3,4
RC2 DICK 13 16_1,RC2 DICK 13 16_1_5,RC2 DICK 13 16,Arrive at Nest,4,5,20,0.2,12,6.133333333,7.466666667,161,RC2,RC2_N,2016,10,Yes,SnS,No,0,3,3,4
RC2 DICK 13 16_1,RC2 DICK 13 16_1_6,RC2 DICK 13 16,Arrive at Nest,5,6,20,0.25,15,6.133333333,7.8,161,RC2,RC2_N,2016,10,Yes,SnS,No,0,3,3,4
RC2 DICK 13 16_1,RC2 DICK 13 16_1_3,RC2 DICK 13 16,Arrive at Nest,6,3,20,0.3,18,6.133333333,6.8,161,RC2,RC2_N,2016,10,Yes,SnS,No,0,3,3,4
RC2 DICK 13 16_1,RC2 DICK 13 16_1_4,RC2 DICK 13 16,Arrive at Nest,6,4,20,0.3,18,6.133333333,7.133333333,161,RC2,RC2_N,2016,10,Yes,SnS,No,0,3,3,4
RC2 DICK 13 16_2,RC2 DICK 13 16_2_1,RC2 DICK 13 16,Arrive at Nest,0,1,20,0,0,7.566666667,7.566666667,162,RC2,RC2_N,2016,10,Yes,SnS,No,0,3,3,
RC2 DICK 13 16_2,RC2 DICK 13 16_2_2,RC2 DICK 13 16,Arrive at Nest,0,2,20,0,0,7.566666667,7.9,162,RC2,RC2_N,2016,10,Yes,SnS,No,0,3,3,
RC2 DICK 13 16_2,RC2 DICK 13 16_2_4,RC2 DICK 13 16,Arrive at Nest,1,4,20,0.05,3,7.566666667,8.566666667,162,RC2,RC2_N,2016,10,Yes,SnS,No,0,3,3,5
RC2 DICK 13 16_2,RC2 DICK 13 16_2_6,RC2 DICK 13 16,Arrive at Nest,2,6,20,0.1,6,7.566666667,9.233333333,162,RC2,RC2_N,2016,10,Yes,SnS,No,0,3,3,5
RC2 DICK 13 16_2,RC2 DICK 13 16_2_3,RC2 DICK 13 16,Arrive at Nest,4,3,20,0.2,12,7.566666667,8.233333333,162,RC2,RC2_N,2016,10,Yes,SnS,No,0,3,3,5
RC2 DICK 13 16_2,RC2 DICK 13 16_2_5,RC2 DICK 13 16,Arrive at Nest,5,5,20,0.25,15,7.566666667,8.9,162,RC2,RC2_N,2016,10,Yes,SnS,No,0,3,3,5
RC2 DICK 14 16_2,RC2 DICK 14 16_2_8,RC2 DICK 14 16,Arrive at Nest,6,8,16.17,0.371057514,22.26345083,6.866666667,9.2,167,RC2,RC2_N,2016,10,Yes,SnS,No,2,2,4,5
RC2 DICK 14 16_2,RC2 DICK 14 16_2_5,RC2 DICK 14 16,Arrive at Nest,3,5,20,0.15,9,6.866666667,8.2,167,RC2,RC2_N,2016,10,Yes,SnS,No,2,2,4,5
RC2 DICK 14 16_2,RC2 DICK 14 16_2_7,RC2 DICK 14 16,Arrive at Nest,3,7,20,0.15,9,6.866666667,8.866666667,167,RC2,RC2_N,2016,10,Yes,SnS,No,2,2,4,5
RC2 DICK 14 16_2,RC2 DICK 14 16_2_1,RC2 DICK 14 16,Arrive at Nest,4,1,20,0.2,12,6.866666667,6.866666667,167,RC2,RC2_N,2016,10,Yes,SnS,No,2,2,4,5
RC2 DICK 14 16_2,RC2 DICK 14 16_2_2,RC2 DICK 14 16,Arrive at Nest,4,2,20,0.2,12,6.866666667,7.2,167,RC2,RC2_N,2016,10,Yes,SnS,No,2,2,4,5
RC2 DICK 14 16_2,RC2 DICK 14 16_2_3,RC2 DICK 14 16,Arrive at Nest,4,3,20,0.2,12,6.866666667,7.533333333,167,RC2,RC2_N,2016,10,Yes,SnS,No,2,2,4,5
RC2 DICK 14 16_2,RC2 DICK 14 16_2_6,RC2 DICK 14 16,Arrive at Nest,4,6,20,0.2,12,6.866666667,8.533333333,167,RC2,RC2_N,2016,10,Yes,SnS,No,2,2,4,5
RC2 DICK 14 16_2,RC2 DICK 14 16_2_4,RC2 DICK 14 16,Arrive at Nest,5,4,20,0.25,15,6.866666667,7.866666667,167,RC2,RC2_N,2016,10,Yes,SnS,No,2,2,4,5
RC2 DICK 21 16_1,RC2 DICK 21 16_1_2,RC2 DICK 21 16,Arrive at Nest,0,2,20,0,0,6.3,6.633333333,191,RC2,RC2_N,2016,10,Yes,SnS,No,0,1,1,5
RC2 DICK 21 16_1,RC2 DICK 21 16_1_3,RC2 DICK 21 16,Arrive at Nest,1,3,20,0.05,3,6.3,6.966666667,191,RC2,RC2_N,2016,10,Yes,SnS,No,0,1,1,5
RC2 DICK 21 16_1,RC2 DICK 21 16_1_1,RC2 DICK 21 16,Arrive at Nest,2,1,20,0.1,6,6.3,6.3,191,RC2,RC2_N,2016,10,Yes,SnS,No,0,1,1,5
RC2 DICK 21 16_1,RC2 DICK 21 16_1_4,RC2 DICK 21 16,Arrive at Nest,2,4,20,0.1,6,6.3,7.3,191,RC2,RC2_N,2016,10,Yes,SnS,No,0,1,1,5
RC2 DICK 21 16_1,RC2 DICK 21 16_1_5,RC2 DICK 21 16,Arrive at Nest,2,5,20,0.1,6,6.3,7.633333333,191,RC2,RC2_N,2016,10,Yes,SnS,No,0,1,1,5
RC2 DICK 21 16_1,RC2 DICK 21 16_1_6,RC2 DICK 21 16,Arrive at Nest,2,6,20,0.1,6,6.3,7.966666667,191,RC2,RC2_N,2016,10,Yes,SnS,No,0,1,1,5
RC2 DICK 21 16_2,RC2 DICK 21 16_2_3,RC2 DICK 21 16,Arrive at Nest,0,3,20,0,0,6.516666667,7.183333333,192,RC2,RC2_N,2016,10,Yes,SnS,No,0,1,1,6
RC2 DICK 21 16_2,RC2 DICK 21 16_2_4,RC2 DICK 21 16,Arrive at Nest,0,4,20,0,0,6.516666667,7.516666667,192,RC2,RC2_N,2016,10,Yes,SnS,No,0,1,1,6
RC2 DICK 21 16_2,RC2 DICK 21 16_2_1,RC2 DICK 21 16,Arrive at Nest,1,1,20,0.05,3,6.516666667,6.516666667,192,RC2,RC2_N,2016,10,Yes,SnS,No,0,1,1,6
RC2 DICK 21 16_2,RC2 DICK 21 16_2_5,RC2 DICK 21 16,Arrive at Nest,1,5,20,0.05,3,6.516666667,7.85,192,RC2,RC2_N,2016,10,Yes,SnS,No,0,1,1,6
RC2 DICK 21 16_2,RC2 DICK 21 16_2_2,RC2 DICK 21 16,Arrive at Nest,2,2,20,0.1,6,6.516666667,6.85,192,RC2,RC2_N,2016,10,Yes,SnS,No,0,1,1,6
RC2 DICK 21 16_2,RC2 DICK 21 16_2_6,RC2 DICK 21 16,Arrive at Nest,4,6,20,0.2,12,6.516666667,8.183333333,192,RC2,RC2_N,2016,10,Yes,SnS,No,0,1,1,6
RC2 DICK 30 16_1,RC2 DICK 30 16_1_6,RC2 DICK 30 16,Arrive at Nest,0,6,20,0,0,7.583333333,9.25,196,RC2,RC2_N,2016,10,Yes,SnS,No,0,4,4,4.67
RC2 DICK 30 16_1,RC2 DICK 30 16_1_1,RC2 DICK 30 16,Arrive at Nest,2,1,20,0.1,6,7.583333333,7.583333333,196,RC2,RC2_N,2016,10,Yes,SnS,No,0,4,4,4.67
RC2 DICK 30 16_1,RC2 DICK 30 16_1_3,RC2 DICK 30 16,Arrive at Nest,2,3,20,0.1,6,7.583333333,8.25,196,RC2,RC2_N,2016,10,Yes,SnS,No,0,4,4,4.67
RC2 DICK 30 16_1,RC2 DICK 30 16_1_4,RC2 DICK 30 16,Arrive at Nest,2,4,20,0.1,6,7.583333333,8.583333333,196,RC2,RC2_N,2016,10,Yes,SnS,No,0,4,4,4.67
RC2 DICK 30 16_1,RC2 DICK 30 16_1_5,RC2 DICK 30 16,Arrive at Nest,2,5,20,0.1,6,7.583333333,8.916666667,196,RC2,RC2_N,2016,10,Yes,SnS,No,0,4,4,4.67
RC2 DICK 30 16_1,RC2 DICK 30 16_1_2,RC2 DICK 30 16,Arrive at Nest,3,2,20,0.15,9,7.583333333,7.916666667,196,RC2,RC2_N,2016,10,Yes,SnS,No,0,4,4,4.67
RC2 DICK 30 16_2,RC2 DICK 30 16_2_8,RC2 DICK 30 16,Arrive at Nest,2,8,18.27,0.109469075,6.568144499,7.533333333,9.866666667,197,RC2,RC2_N,2016,10,Yes,SnS,No,1,1,2,6
RC2 DICK 30 16_2,RC2 DICK 30 16_2_5,RC2 DICK 30 16,Arrive at Nest,1,5,20,0.05,3,7.533333333,8.866666667,197,RC2,RC2_N,2016,10,Yes,SnS,No,1,1,2,6
RC2 DICK 30 16_2,RC2 DICK 30 16_2_4,RC2 DICK 30 16,Arrive at Nest,2,4,20,0.1,6,7.533333333,8.533333333,197,RC2,RC2_N,2016,10,Yes,SnS,No,1,1,2,6
RC2 DICK 30 16_2,RC2 DICK 30 16_2_2,RC2 DICK 30 16,Arrive at Nest,3,2,20,0.15,9,7.533333333,7.866666667,197,RC2,RC2_N,2016,10,Yes,SnS,No,1,1,2,6
RC2 DICK 30 16_2,RC2 DICK 30 16_2_3,RC2 DICK 30 16,Arrive at Nest,3,3,20,0.15,9,7.533333333,8.2,197,RC2,RC2_N,2016,10,Yes,SnS,No,1,1,2,6
RC2 DICK 30 16_2,RC2 DICK 30 16_2_7,RC2 DICK 30 16,Arrive at Nest,3,7,20,0.15,9,7.533333333,9.533333333,197,RC2,RC2_N,2016,10,Yes,SnS,No,1,1,2,6
RC2 DICK 30 16_2,RC2 DICK 30 16_2_1,RC2 DICK 30 16,Arrive at Nest,4,1,20,0.2,12,7.533333333,7.533333333,197,RC2,RC2_N,2016,10,Yes,SnS,No,1,1,2,6
RC2 DICK 30 16_2,RC2 DICK 30 16_2_6,RC2 DICK 30 16,Arrive at Nest,5,6,20,0.25,15,7.533333333,9.2,197,RC2,RC2_N,2016,10,Yes,SnS,No,1,1,2,6
RC2 DICK 7 16_1,RC2 DICK 7 16_1_1,RC2 DICK 7 16,Arrive at Nest,1,1,20,0.05,3,6.35,6.35,152,RC2,RC2_N,2016,10,Yes,SnS,No,0,4,4,3
RC2 DICK 7 16_1,RC2 DICK 7 16_1_2,RC2 DICK 7 16,Arrive at Nest,1,2,20,0.05,3,6.35,6.683333333,152,RC2,RC2_N,2016,10,Yes,SnS,No,0,4,4,3
RC2 DICK 7 16_1,RC2 DICK 7 16_1_3,RC2 DICK 7 16,Arrive at Nest,3,3,20,0.15,9,6.35,7.016666667,152,RC2,RC2_N,2016,10,Yes,SnS,No,0,4,4,3
RC2 DICK 7 16_1,RC2 DICK 7 16_1_6,RC2 DICK 7 16,Arrive at Nest,5,6,20,0.25,15,6.35,8.016666667,152,RC2,RC2_N,2016,10,Yes,SnS,No,0,4,4,3
RC2 DICK 7 16_1,RC2 DICK 7 16_1_4,RC2 DICK 7 16,Arrive at Nest,6,4,20,0.3,18,6.35,7.35,152,RC2,RC2_N,2016,10,Yes,SnS,No,0,4,4,3
RC2 DICK 7 16_1,RC2 DICK 7 16_1_5,RC2 DICK 7 16,Arrive at Nest,6,5,20,0.3,18,6.35,7.683333333,152,RC2,RC2_N,2016,10,Yes,SnS,No,0,4,4,3
RC2 DICK 7 16_2,RC2 DICK 7 16_2_4,RC2 DICK 7 16,Arrive at Nest,0,4,20,0,0,6.966666667,7.966666667,153,RC2,RC2_N,2016,10,Yes,SnS,No,0,3,3,4
RC2 DICK 7 16_2,RC2 DICK 7 16_2_7,RC2 DICK 7 16,Arrive at Nest,0,7,20,0,0,6.966666667,8.966666667,153,RC2,RC2_N,2016,10,Yes,SnS,No,0,3,3,4
RC2 DICK 7 16_2,RC2 DICK 7 16_2_2,RC2 DICK 7 16,Arrive at Nest,1,2,20,0.05,3,6.966666667,7.3,153,RC2,RC2_N,2016,10,Yes,SnS,No,0,3,3,4
RC2 DICK 7 16_2,RC2 DICK 7 16_2_5,RC2 DICK 7 16,Arrive at Nest,1,5,20,0.05,3,6.966666667,8.3,153,RC2,RC2_N,2016,10,Yes,SnS,No,0,3,3,4
RC2 DICK 7 16_2,RC2 DICK 7 16_2_6,RC2 DICK 7 16,Arrive at Nest,1,6,20,0.05,3,6.966666667,8.633333333,153,RC2,RC2_N,2016,10,Yes,SnS,No,0,3,3,4
RC2 DICK 7 16_2,RC2 DICK 7 16_2_1,RC2 DICK 7 16,Arrive at Nest,2,1,20,0.1,6,6.966666667,6.966666667,153,RC2,RC2_N,2016,10,Yes,SnS,No,0,3,3,4
RC2 DICK 7 16_2,RC2 DICK 7 16_2_3,RC2 DICK 7 16,Arrive at Nest,2,3,20,0.1,6,6.966666667,7.633333333,153,RC2,RC2_N,2016,10,Yes,SnS,No,0,3,3,4
RC2 DICK 8 16_1,RC2 DICK 8 16_1_1,RC2 DICK 8 16,Arrive at Nest,0,1,20,0,0,6.2,6.2,169,RC2,RC2_N,2016,10,Yes,SnS,No,0,4,4,3.67
RC2 DICK 8 16_1,RC2 DICK 8 16_1_2,RC2 DICK 8 16,Arrive at Nest,0,2,20,0,0,6.2,6.533333333,169,RC2,RC2_N,2016,10,Yes,SnS,No,0,4,4,3.67
RC2 DICK 8 16_1,RC2 DICK 8 16_1_3,RC2 DICK 8 16,Arrive at Nest,0,3,20,0,0,6.2,6.866666667,169,RC2,RC2_N,2016,10,Yes,SnS,No,0,4,4,3.67
RC2 DICK 8 16_1,RC2 DICK 8 16_1_4,RC2 DICK 8 16,Arrive at Nest,0,4,20,0,0,6.2,7.2,169,RC2,RC2_N,2016,10,Yes,SnS,No,0,4,4,3.67
RC2 DICK 8 16_1,RC2 DICK 8 16_1_5,RC2 DICK 8 16,Arrive at Nest,1,5,20,0.05,3,6.2,7.533333333,169,RC2,RC2_N,2016,10,Yes,SnS,No,0,4,4,3.67
RC2 DICK 8 16_1,RC2 DICK 8 16_1_6,RC2 DICK 8 16,Arrive at Nest,4,6,20,0.2,12,6.2,7.866666667,169,RC2,RC2_N,2016,10,Yes,SnS,No,0,4,4,3.67
RC2 DICK 8 16_2,RC2 DICK 8 16_2_1,RC2 DICK 8 16,Arrive at Nest,2,1,20,0.1,6,7.283333333,7.283333333,170,RC2,RC2_N,2016,10,Yes,SnS,No,0,4,4,4.67
RC2 DICK 8 16_2,RC2 DICK 8 16_2_2,RC2 DICK 8 16,Arrive at Nest,2,2,20,0.1,6,7.283333333,7.616666667,170,RC2,RC2_N,2016,10,Yes,SnS,No,0,4,4,4.67
RC2 DICK 8 16_2,RC2 DICK 8 16_2_4,RC2 DICK 8 16,Arrive at Nest,2,4,20,0.1,6,7.283333333,8.283333333,170,RC2,RC2_N,2016,10,Yes,SnS,No,0,4,4,4.67
RC2 DICK 8 16_2,RC2 DICK 8 16_2_3,RC2 DICK 8 16,Arrive at Nest,3,3,20,0.15,9,7.283333333,7.95,170,RC2,RC2_N,2016,10,Yes,SnS,No,0,4,4,4.67
BSH DICK 1 16_1,BSH DICK 1 16_1_8,BSH DICK 1 16,Arrive at Nest,3,8,17.77,0.16882386,10.12943163,8.066666667,10.4,169,BSH,BSH_C,2016,10,Yes,Spr,No,2,3,5,3.2
BSH DICK 1 16_1,BSH DICK 1 16_1_1,BSH DICK 1 16,Arrive at Nest,0,1,20,0,0,8.066666667,8.066666667,169,BSH,BSH_C,2016,10,Yes,Spr,No,2,3,5,3.2
BSH DICK 1 16_1,BSH DICK 1 16_1_2,BSH DICK 1 16,Arrive at Nest,0,2,20,0,0,8.066666667,8.4,169,BSH,BSH_C,2016,10,Yes,Spr,No,2,3,5,3.2
BSH DICK 1 16_1,BSH DICK 1 16_1_3,BSH DICK 1 16,Arrive at Nest,0,3,20,0,0,8.066666667,8.733333333,169,BSH,BSH_C,2016,10,Yes,Spr,No,2,3,5,3.2
BSH DICK 1 16_1,BSH DICK 1 16_1_4,BSH DICK 1 16,Arrive at Nest,0,4,20,0,0,8.066666667,9.066666667,169,BSH,BSH_C,2016,10,Yes,Spr,No,2,3,5,3.2
BSH DICK 1 16_1,BSH DICK 1 16_1_5,BSH DICK 1 16,Arrive at Nest,0,5,20,0,0,8.066666667,9.4,169,BSH,BSH_C,2016,10,Yes,Spr,No,2,3,5,3.2
BSH DICK 1 16_1,BSH DICK 1 16_1_7,BSH DICK 1 16,Arrive at Nest,0,7,20,0,0,8.066666667,10.06666667,169,BSH,BSH_C,2016,10,Yes,Spr,No,2,3,5,3.2
BSH DICK 1 16_1,BSH DICK 1 16_1_6,BSH DICK 1 16,Arrive at Nest,1,6,20,0.05,3,8.066666667,9.733333333,169,BSH,BSH_C,2016,10,Yes,Spr,No,2,3,5,3.2
BSH DICK 1 16_2,BSH DICK 1 16_2_7,BSH DICK 1 16,Arrive at Nest,2,7,11.15,0.179372197,10.76233184,7.533333333,9.533333333,170,BSH,BSH_C,2016,10,Yes,Spr,No,2,3,5,4.2
BSH DICK 1 16_2,BSH DICK 1 16_2_1,BSH DICK 1 16,Arrive at Nest,1,1,20,0.05,3,7.533333333,7.533333333,170,BSH,BSH_C,2016,10,Yes,Spr,No,2,3,5,4.2
BSH DICK 1 16_2,BSH DICK 1 16_2_5,BSH DICK 1 16,Arrive at Nest,2,5,20,0.1,6,7.533333333,8.866666667,170,BSH,BSH_C,2016,10,Yes,Spr,No,2,3,5,4.2
BSH DICK 1 16_2,BSH DICK 1 16_2_6,BSH DICK 1 16,Arrive at Nest,4,6,20,0.2,12,7.533333333,9.2,170,BSH,BSH_C,2016,10,Yes,Spr,No,2,3,5,4.2
BSH DICK 1 16_2,BSH DICK 1 16_2_2,BSH DICK 1 16,Arrive at Nest,6,2,20,0.3,18,7.533333333,7.866666667,170,BSH,BSH_C,2016,10,Yes,Spr,No,2,3,5,4.2
BSH DICK 1 16_2,BSH DICK 1 16_2_3,BSH DICK 1 16,Arrive at Nest,6,3,20,0.3,18,7.533333333,8.2,170,BSH,BSH_C,2016,10,Yes,Spr,No,2,3,5,4.2
BSH DICK 1 16_2,BSH DICK 1 16_2_4,BSH DICK 1 16,Arrive at Nest,6,4,20,0.3,18,7.533333333,8.533333333,170,BSH,BSH_C,2016,10,Yes,Spr,No,2,3,5,4.2
BSH DICK 10 16_1,BSH DICK 10 16_1_5,BSH DICK 10 16,Arrive at Nest,2,5,17.12,0.11682243,7.009345794,7.383333333,8.716666667,205,BSH,BSH_C,2016,10,Yes,Spr,No,1,1,2,4
BSH DICK 10 16_1,BSH DICK 10 16_1_1,BSH DICK 10 16,Arrive at Nest,2,1,20,0.1,6,7.383333333,7.383333333,205,BSH,BSH_C,2016,10,Yes,Spr,No,1,1,2,4
BSH DICK 10 16_1,BSH DICK 10 16_1_4,BSH DICK 10 16,Arrive at Nest,2,4,20,0.1,6,7.383333333,8.383333333,205,BSH,BSH_C,2016,10,Yes,Spr,No,1,1,2,4
BSH DICK 10 16_1,BSH DICK 10 16_1_2,BSH DICK 10 16,Arrive at Nest,4,2,20,0.2,12,7.383333333,7.716666667,205,BSH,BSH_C,2016,10,Yes,Spr,No,1,1,2,4
BSH DICK 10 16_1,BSH DICK 10 16_1_3,BSH DICK 10 16,Arrive at Nest,4,3,20,0.2,12,7.383333333,8.05,205,BSH,BSH_C,2016,10,Yes,Spr,No,1,1,2,4
RC2 DICK 16 16_1,RC2 DICK 16 16_1_7,RC2 DICK 16 16,Arrive at Nest,1,7,20,0.05,3,6.45,8.45,166,RC2,RC2_C,2016,10,Yes,Spr,No,0,4,4,5
RC2 DICK 16 16_1,RC2 DICK 16 16_1_1,RC2 DICK 16 16,Arrive at Nest,3,1,20,0.15,9,6.45,6.45,166,RC2,RC2_C,2016,10,Yes,Spr,No,0,4,4,5
RC2 DICK 16 16_1,RC2 DICK 16 16_1_3,RC2 DICK 16 16,Arrive at Nest,3,3,20,0.15,9,6.45,7.116666667,166,RC2,RC2_C,2016,10,Yes,Spr,No,0,4,4,5
RC2 DICK 16 16_1,RC2 DICK 16 16_1_4,RC2 DICK 16 16,Arrive at Nest,3,4,20,0.15,9,6.45,7.45,166,RC2,RC2_C,2016,10,Yes,Spr,No,0,4,4,5
RC2 DICK 16 16_1,RC2 DICK 16 16_1_5,RC2 DICK 16 16,Arrive at Nest,3,5,20,0.15,9,6.45,7.783333333,166,RC2,RC2_C,2016,10,Yes,Spr,No,0,4,4,5
RC2 DICK 16 16_1,RC2 DICK 16 16_1_2,RC2 DICK 16 16,Arrive at Nest,4,2,20,0.2,12,6.45,6.783333333,166,RC2,RC2_C,2016,10,Yes,Spr,No,0,4,4,5
RC2 DICK 16 16_1,RC2 DICK 16 16_1_6,RC2 DICK 16 16,Arrive at Nest,4,6,20,0.2,12,6.45,8.116666667,166,RC2,RC2_C,2016,10,Yes,Spr,No,0,4,4,5
RC2 DICK 23 16_1,RC2 DICK 23 16_1_8,RC2 DICK 23 16,Arrive at Nest,3,8,15.65,0.191693291,11.50159744,6.266666667,8.6,175,RC2,RC2_C,2016,10,Yes,Spr,No,0,3,3,4
RC2 DICK 23 16_1,RC2 DICK 23 16_1_7,RC2 DICK 23 16,Arrive at Nest,0,7,20,0,0,6.266666667,8.266666667,175,RC2,RC2_C,2016,10,Yes,Spr,No,0,3,3,4
RC2 DICK 23 16_1,RC2 DICK 23 16_1_1,RC2 DICK 23 16,Arrive at Nest,1,1,20,0.05,3,6.266666667,6.266666667,175,RC2,RC2_C,2016,10,Yes,Spr,No,0,3,3,4
RC2 DICK 23 16_1,RC2 DICK 23 16_1_3,RC2 DICK 23 16,Arrive at Nest,1,3,20,0.05,3,6.266666667,6.933333333,175,RC2,RC2_C,2016,10,Yes,Spr,No,0,3,3,4
RC2 DICK 23 16_1,RC2 DICK 23 16_1_6,RC2 DICK 23 16,Arrive at Nest,1,6,20,0.05,3,6.266666667,7.933333333,175,RC2,RC2_C,2016,10,Yes,Spr,No,0,3,3,4
RC2 DICK 23 16_1,RC2 DICK 23 16_1_2,RC2 DICK 23 16,Arrive at Nest,2,2,20,0.1,6,6.266666667,6.6,175,RC2,RC2_C,2016,10,Yes,Spr,No,0,3,3,4
RC2 DICK 23 16_1,RC2 DICK 23 16_1_4,RC2 DICK 23 16,Arrive at Nest,2,4,20,0.1,6,6.266666667,7.266666667,175,RC2,RC2_C,2016,10,Yes,Spr,No,0,3,3,4
RC2 DICK 23 16_1,RC2 DICK 23 16_1_5,RC2 DICK 23 16,Arrive at Nest,2,5,20,0.1,6,6.266666667,7.6,175,RC2,RC2_C,2016,10,Yes,Spr,No,0,3,3,4
RC2 DICK 23 16_2,RC2 DICK 23 16_2_8,RC2 DICK 23 16,Arrive at Nest,3,8,14.92,0.201072386,12.06434316,7.016666667,9.35,176,RC2,RC2_C,2016,10,Yes,Spr,No,0,3,3,5
RC2 DICK 23 16_2,RC2 DICK 23 16_2_4,RC2 DICK 23 16,Arrive at Nest,1,4,20,0.05,3,7.016666667,8.016666667,176,RC2,RC2_C,2016,10,Yes,Spr,No,0,3,3,5
RC2 DICK 23 16_2,RC2 DICK 23 16_2_5,RC2 DICK 23 16,Arrive at Nest,1,5,20,0.05,3,7.016666667,8.35,176,RC2,RC2_C,2016,10,Yes,Spr,No,0,3,3,5
RC2 DICK 23 16_2,RC2 DICK 23 16_2_7,RC2 DICK 23 16,Arrive at Nest,1,7,20,0.05,3,7.016666667,9.016666667,176,RC2,RC2_C,2016,10,Yes,Spr,No,0,3,3,5
RC2 DICK 23 16_2,RC2 DICK 23 16_2_1,RC2 DICK 23 16,Arrive at Nest,2,1,20,0.1,6,7.016666667,7.016666667,176,RC2,RC2_C,2016,10,Yes,Spr,No,0,3,3,5
RC2 DICK 23 16_2,RC2 DICK 23 16_2_2,RC2 DICK 23 16,Arrive at Nest,2,2,20,0.1,6,7.016666667,7.35,176,RC2,RC2_C,2016,10,Yes,Spr,No,0,3,3,5
RC2 DICK 23 16_2,RC2 DICK 23 16_2_3,RC2 DICK 23 16,Arrive at Nest,2,3,20,0.1,6,7.016666667,7.683333333,176,RC2,RC2_C,2016,10,Yes,Spr,No,0,3,3,5
RC2 DICK 23 16_2,RC2 DICK 23 16_2_6,RC2 DICK 23 16,Arrive at Nest,2,6,20,0.1,6,7.016666667,8.683333333,176,RC2,RC2_C,2016,10,Yes,Spr,No,0,3,3,5
RC2 DICK 32 16_1,RC2 DICK 32 16_1_8,RC2 DICK 32 16,Arrive at Nest,2,8,18.41,0.108636611,6.518196632,7.05,9.383333333,201,RC2,RC2_C,2016,10,Yes,Spr,No,0,3,3,4
RC2 DICK 32 16_1,RC2 DICK 32 16_1_2,RC2 DICK 32 16,Arrive at Nest,1,2,20,0.05,3,7.05,7.383333333,201,RC2,RC2_C,2016,10,Yes,Spr,No,0,3,3,4
RC2 DICK 32 16_1,RC2 DICK 32 16_1_3,RC2 DICK 32 16,Arrive at Nest,1,3,20,0.05,3,7.05,7.716666667,201,RC2,RC2_C,2016,10,Yes,Spr,No,0,3,3,4
RC2 DICK 32 16_1,RC2 DICK 32 16_1_1,RC2 DICK 32 16,Arrive at Nest,2,1,20,0.1,6,7.05,7.05,201,RC2,RC2_C,2016,10,Yes,Spr,No,0,3,3,4
RC2 DICK 32 16_1,RC2 DICK 32 16_1_5,RC2 DICK 32 16,Arrive at Nest,2,5,20,0.1,6,7.05,8.383333333,201,RC2,RC2_C,2016,10,Yes,Spr,No,0,3,3,4
RC2 DICK 32 16_1,RC2 DICK 32 16_1_6,RC2 DICK 32 16,Arrive at Nest,2,6,20,0.1,6,7.05,8.716666667,201,RC2,RC2_C,2016,10,Yes,Spr,No,0,3,3,4
RC2 DICK 32 16_1,RC2 DICK 32 16_1_7,RC2 DICK 32 16,Arrive at Nest,2,7,20,0.1,6,7.05,9.05,201,RC2,RC2_C,2016,10,Yes,Spr,No,0,3,3,4
RC2 DICK 32 16_1,RC2 DICK 32 16_1_4,RC2 DICK 32 16,Arrive at Nest,3,4,20,0.15,9,7.05,8.05,201,RC2,RC2_C,2016,10,Yes,Spr,No,0,3,3,4
RC2 DICK 32 16_2,RC2 DICK 32 16_2_6,RC2 DICK 32 16,Arrive at Nest,0,6,16.52,0,0,6.283333333,7.95,202,RC2,RC2_C,2016,10,Yes,Spr,No,0,3,3,5
RC2 DICK 32 16_2,RC2 DICK 32 16_2_1,RC2 DICK 32 16,Arrive at Nest,1,1,20,0.05,3,6.283333333,6.283333333,202,RC2,RC2_C,2016,10,Yes,Spr,No,0,3,3,5
RC2 DICK 32 16_2,RC2 DICK 32 16_2_2,RC2 DICK 32 16,Arrive at Nest,1,2,20,0.05,3,6.283333333,6.616666667,202,RC2,RC2_C,2016,10,Yes,Spr,No,0,3,3,5
RC2 DICK 32 16_2,RC2 DICK 32 16_2_4,RC2 DICK 32 16,Arrive at Nest,2,4,20,0.1,6,6.283333333,7.283333333,202,RC2,RC2_C,2016,10,Yes,Spr,No,0,3,3,5
RC2 DICK 32 16_2,RC2 DICK 32 16_2_5,RC2 DICK 32 16,Arrive at Nest,2,5,20,0.1,6,6.283333333,7.616666667,202,RC2,RC2_C,2016,10,Yes,Spr,No,0,3,3,5
RC2 DICK 32 16_2,RC2 DICK 32 16_2_3,RC2 DICK 32 16,Arrive at Nest,5,3,20,0.25,15,6.283333333,6.95,202,RC2,RC2_C,2016,10,Yes,Spr,No,0,3,3,5
